{
  "version": 3,
  "routes": [
    {
      "src": "/api/(.*)",
      "dest": "/api/$1",
      "check": true
    },
    {
      "handle": "filesystem"
    },
    {
      "src": "/(.*)",
      "dest": "/index.html",
      "status": 200
    }
  ],
  "images": {
    "sizes": [256, 640, 1080],
    "domains": [],
    "remotePatterns": [],
    "minimumCacheTTL": 60,
    "formats": ["image/webp"],
    "dangerouslyAllowSVG": false,
    "contentSecurityPolicy": "script-src 'none'; frame-src 'none'; sandbox;"
  }
}