{
  "version": 2,
  "buildCommand": "node vercel-build.js",
  "outputDirectory": "dist",
  "rewrites": [
    { "source": "/api/(.*)", "destination": "/api/$1" },
    { "source": "/(.*)", "destination": "/index.html" }
  ],
  "headers": [
    {
      "source": "/(.*)",
      "headers": [
        { "key": "Cache-Control", "value": "s-maxage=1, stale-while-revalidate=59" }
      ]
    },
    {
      "source": "/api/(.*)",
      "headers": [
        { "key": "Cache-Control", "value": "no-cache, no-store, must-revalidate" }
      ]
    }
  ],
  "env": {
    "NODE_ENV": "production"
  }
}